Workbook

Sheet Objectifs
A1: R001 | B1: ="Non RO - "&VLOOKUP(A1,'Paramétrage'!$E$6:$F$16,2,FALSE) -> Non RO - LIGNE 1 | C1: 45292 | D1: 45323 | E1: 45352 | F1: 45383 | G1: 45413 | H1: 45444 | I1: 45474 | J1: 45505 | K1: 45536 | L1: 45566 | M1: 45597 | N1: 45627 | O1: 45658 | P1: 45689 | Q1: 45717 | R1: 45748 | S1: 45778 | T1: 45809 | U1: 45839 | V1: 45870 | W1: 45901 | X1: 45931 | Y1: 45962 | Z1: 45992
B2: ='Paramétrage'!J6 -> PRESSES | C2: 0.02 | D2: 0.02 | E2: 0.02 | F2: 0.02 | G2: 0.02 | H2: 0.02 | I2: 0.02 | J2: 0.02 | K2: 0.0175 | L2: 0.015 | M2: 0.0125 | N2: 0.01 | O2: 0.01 | P2: 0.01 | Q2: 0.01 | R2: 0.01 | S2: 0.01 | T2: 0.01 | U2: 0.01 | V2: 0.01 | W2: 0.01 | X2: 0.01 | Y2: 0.01 | Z2: 0.01
B3: ='Paramétrage'!J7 -> EQUIPEMENTS | C3: 0.08 | D3: 0.08 | E3: 0.08 | F3: 0.08 | G3: 0.08 | H3: 0.08 | I3: 0.08 | J3: 0.08 | K3: 0.06975 | L3: 0.0595 | M3: 0.04925 | N3: 0.039 | O3: 0.039 | P3: 0.039 | Q3: 0.039 | R3: 0.039 | S3: 0.039 | T3: 0.039 | U3: 0.039 | V3: 0.039 | W3: 0.039 | X3: 0.039 | Y3: 0.039 | Z3: 0.039
B4: ='Paramétrage'!J8 -> CONVOYEURS | C4: 0.002 | D4: 0.002 | E4: 0.002 | F4: 0.002 | G4: 0.002 | H4: 0.002 | I4: 0.002 | J4: 0.002 | K4: 0.00175 | L4: 0.0015 | M4: 0.00125 | N4: 0.001 | O4: 0.001 | P4: 0.001 | Q4: 0.001 | R4: 0.001 | S4: 0.001 | T4: 0.001 | U4: 0.001 | V4: 0.001 | W4: 0.001 | X4: 0.001 | Y4: 0.001 | Z4: 0.001
B5: ='Paramétrage'!J9 -> OUTILS | C5: 0.035 | D5: 0.035 | E5: 0.035 | F5: 0.035 | G5: 0.035 | H5: 0.035 | I5: 0.035 | J5: 0.035 | K5: 0.03375 | L5: 0.0325 | M5: 0.03125 | N5: 0.03 | O5: 0.03 | P5: 0.03 | Q5: 0.03 | R5: 0.03 | S5: 0.03 | T5: 0.03 | U5: 0.03 | V5: 0.03 | W5: 0.03 | X5: 0.03 | Y5: 0.03 | Z5: 0.03
B6: ='Paramétrage'!J10 -> ESSUYAGE OUTIL | C6: 0.025 | D6: 0.025 | E6: 0.025 | F6: 0.025 | G6: 0.025 | H6: 0.025 | I6: 0.025 | J6: 0.025 | K6: 0.02125 | L6: 0.0175 | M6: 0.01375 | N6: 0.01 | O6: 0.01 | P6: 0.01 | Q6: 0.01 | R6: 0.01 | S6: 0.01 | T6: 0.01 | U6: 0.01 | V6: 0.01 | W6: 0.01 | X6: 0.01 | Y6: 0.01 | Z6: 0.01
B7: ='Paramétrage'!J11 -> MECANISATIONS | C7: 0.01 | D7: 0.01 | E7: 0.01 | F7: 0.01 | G7: 0.01 | H7: 0.01 | I7: 0.01 | J7: 0.01 | K7: 0.01 | L7: 0.01 | M7: 0.01 | N7: 0.01 | O7: 0.01 | P7: 0.01 | Q7: 0.01 | R7: 0.01 | S7: 0.01 | T7: 0.01 | U7: 0.01 | V7: 0.01 | W7: 0.01 | X7: 0.01 | Y7: 0.01 | Z7: 0.01
B8: ='Paramétrage'!J12 -> MATIERE | C8: 0.005 | D8: 0.005 | E8: 0.005 | F8: 0.005 | G8: 0.005 | H8: 0.005 | I8: 0.005 | J8: 0.005 | K8: 0.00425 | L8: 0.0035 | M8: 0.00275 | N8: 0.002 | O8: 0.002 | P8: 0.002 | Q8: 0.002 | R8: 0.002 | S8: 0.002 | T8: 0.002 | U8: 0.002 | V8: 0.002 | W8: 0.002 | X8: 0.002 | Y8: 0.002 | Z8: 0.002
B9: ='Paramétrage'!J13 -> ATTENTE AMONT | C9: 0.005 | D9: 0.005 | E9: 0.005 | F9: 0.005 | G9: 0.005 | H9: 0.005 | I9: 0.005 | J9: 0.005 | K9: 0.00425 | L9: 0.0035 | M9: 0.00275 | N9: 0.002 | O9: 0.002 | P9: 0.002 | Q9: 0.002 | R9: 0.002 | S9: 0.002 | T9: 0.002 | U9: 0.002 | V9: 0.002 | W9: 0.002 | X9: 0.002 | Y9: 0.002 | Z9: 0.002
B10: ='Paramétrage'!J14 -> SATURATION | C10: 0.01 | D10: 0.01 | E10: 0.01 | F10: 0.01 | G10: 0.01 | H10: 0.01 | I10: 0.01 | J10: 0.01 | K10: 0.00875 | L10: 0.0075 | M10: 0.00625 | N10: 0.005 | O10: 0.005 | P10: 0.005 | Q10: 0.005 | R10: 0.005 | S10: 0.005 | T10: 0.005 | U10: 0.005 | V10: 0.005 | W10: 0.005 | X10: 0.005 | Y10: 0.005 | Z10: 0.005
B11: ='Paramétrage'!J15 -> PREPARATION CONVOI | C11: 0.005 | D11: 0.005 | E11: 0.005 | F11: 0.005 | G11: 0.005 | H11: 0.005 | I11: 0.005 | J11: 0.005 | K11: 0.0045 | L11: 0.004 | M11: 0.0035 | N11: 0.003 | O11: 0.003 | P11: 0.003 | Q11: 0.003 | R11: 0.003 | S11: 0.003 | T11: 0.003 | U11: 0.003 | V11: 0.003 | W11: 0.003 | X11: 0.003 | Y11: 0.003 | Z11: 0.003
B12: ='Paramétrage'!J16 -> OPERATEURS | C12: 0.005 | D12: 0.005 | E12: 0.005 | F12: 0.005 | G12: 0.005 | H12: 0.005 | I12: 0.005 | J12: 0.005 | K12: 0.00425 | L12: 0.0035 | M12: 0.00275 | N12: 0.002 | O12: 0.002 | P12: 0.002 | Q12: 0.002 | R12: 0.002 | S12: 0.002 | T12: 0.002 | U12: 0.002 | V12: 0.002 | W12: 0.002 | X12: 0.002 | Y12: 0.002 | Z12: 0.002
B13: ='Paramétrage'!J17 -> NON RENSEIGNEE | C13: 0.01 | D13: 0.01 | E13: 0.01 | F13: 0.01 | G13: 0.01 | H13: 0.01 | I13: 0.01 | J13: 0.01 | K13: 0.00775 | L13: 0.0055 | M13: 0.00325 | N13: 0.001 | O13: 0.001 | P13: 0.001 | Q13: 0.001 | R13: 0.001 | S13: 0.001 | T13: 0.001 | U13: 0.001 | V13: 0.001 | W13: 0.001 | X13: 0.001 | Y13: 0.001 | Z13: 0.001
... B24: ='Paramétrage'!J28 -> PERTES CYCLE | C24: 0.1 | D24: 0.1 | E24: 0.1 | F24: 0.1 | G24: 0.1 | H24: 0.1 | I24: 0.1 | J24: 0.1 | K24: 0.085 | L24: 0.07 | M24: 0.055 | N24: 0.04 | O24: 0.04 | P24: 0.04 | Q24: 0.04 | R24: 0.04 | S24: 0.04 | T24: 0.04 | U24: 0.04 | V24: 0.04 | W24: 0.04 | X24: 0.04 | Y24: 0.04 | Z24: 0.04
B25: NON RO GLOBAL | C25: =SUM(C2:C24) -> 0.41 | D25: =SUM(D2:D24) -> 0.41 | E25: =SUM(E2:E24) -> 0.41 | F25: =SUM(F2:F24) -> 0.41 | G25: =SUM(G2:G24) -> 0.41 | H25: =SUM(H2:H24) -> 0.41 | I25: =SUM(I2:I24) -> 0.41 | J25: =SUM(J2:J24) -> 0.41 | ... Z25: =SUM(Z2:Z24) -> 0.216
B26: ='Paramétrage'!J29 -> ARRETS MACHINES | C26: =SUM(C2:C4) -> 0.102 | D26: =SUM(D2:D4) -> 0.102 | E26: =SUM(E2:E4) -> 0.102 | F26: =SUM(F2:F4) -> 0.102 | G26: =SUM(G2:G4) -> 0.102 | H26: =SUM(H2:H4) -> 0.102 | I26: =SUM(I2:I4) -> 0.102 | J26: =SUM(J2:J4) -> 0.102 | ... Z26: =SUM(Z2:Z4) -> 0.05
B27: ='Paramétrage'!J30 -> ARRETS OUTILS | C27: =SUM(C5:C7) -> 0.07 | D27: =SUM(D5:D7) -> 0.07 | E27: =SUM(E5:E7) -> 0.07 | F27: =SUM(F5:F7) -> 0.07 | G27: =SUM(G5:G7) -> 0.07 | H27: =SUM(H5:H7) -> 0.07 | I27: =SUM(I5:I7) -> 0.07 | J27: =SUM(J5:J7) -> 0.07 | ... Z27: =SUM(Z5:Z7) -> 0.05
B28: ='Paramétrage'!J31 -> ARRETS INDUITS | C28: =SUM(C8:C13) -> 0.04 | D28: =SUM(D8:D13) -> 0.04 | E28: =SUM(E8:E13) -> 0.04 | F28: =SUM(F8:F13) -> 0.04 | G28: =SUM(G8:G13) -> 0.04 | H28: =SUM(H8:H13) -> 0.04 | I28: =SUM(I8:I13) -> 0.04 | J28: =SUM(J8:J13) -> 0.04 | ... Z28: =SUM(Z8:Z13) -> 0.015
B29: ='Paramétrage'!J32 -> ARRETS FONCTIONNELS | C29: =SUM(C14:C21) -> 0.093 | D29: =SUM(D14:D21) -> 0.093 | E29: =SUM(E14:E21) -> 0.093 | F29: =SUM(F14:F21) -> 0.093 | G29: =SUM(G14:G21) -> 0.093 | H29: =SUM(H14:H21) -> 0.093 | I29: =SUM(I14:I21) -> 0.093 | J29: =SUM(J14:J21) -> 0.093 | ... Z29: =SUM(Z14:Z21) -> 0.056
B30: ='Paramétrage'!J33 -> PERTES QUALITE | C30: =SUM(C22:C23) -> 0.005 | D30: =SUM(D22:D23) -> 0.005 | E30: =SUM(E22:E23) -> 0.005 | F30: =SUM(F22:F23) -> 0.005 | G30: =SUM(G22:G23) -> 0.005 | H30: =SUM(H22:H23) -> 0.005 | I30: =SUM(I22:I23) -> 0.005 | J30: =SUM(J22:J23) -> 0.005 | ... Z30: =SUM(Z22:Z23) -> 0.005
B31: ='Paramétrage'!J34 -> PERTES CYCLE | C31: =C24 -> 0.1 | D31: =D24 -> 0.1 | E31: =E24 -> 0.1 | F31: =F24 -> 0.1 | G31: =G24 -> 0.1 | H31: =H24 -> 0.1 | I31: =I24 -> 0.1 | J31: =J24 -> 0.1 | ... Z31: =Z24 -> 0.04
B32: RO GLOBAL | C32: =100%-C25 -> 0.59 | D32: =100%-D25 -> 0.59 | E32: =100%-E25 -> 0.59 | F32: =100%-F25 -> 0.59 | G32: =100%-G25 -> 0.59 | H32: =100%-H25 -> 0.59 | I32: =100%-I25 -> 0.59 | J32: =100%-J25 -> 0.59 | ... Z32: =100%-Z25 -> 0.784
A34: R803 | B34: ="Non RO - "&VLOOKUP(A34,'Paramétrage'!$E$6:$F$16,2,FALSE) -> Non RO - L803 | C34: =C1 -> 45292 | D34: =D1 -> 45323 | E34: =E1 -> 45352 | F34: =F1 -> 45383 | G34: =G1 -> 45413 | H34: =H1 -> 45444 | I34: =I1 -> 45474 | J34: =J1 -> 45505 | ... Z34: =Z1 -> 45992
B35: =B2 -> PRESSES | C35: 0.033 | D35: 0.033 | E35: 0.033 | F35: 0.033 | G35: 0.033 | H35: 0.033 | I35: 0.033 | J35: 0.033 | K35: 0.033 | L35: 0.033 | M35: 0.033 | N35: 0.033 | O35: =N35 -> 0.033 | P35: =O35 -> 0.033 | Q35: =P35 -> 0.033 | R35: =Q35 -> 0.033 | S35: =R35 -> 0.033 | T35: =S35 -> 0.033 | U35: =T35 -> 0.033 | V35: =U35 -> 0.033 | ... Z35: =Y35 -> 0.033
B36: =B3 -> EQUIPEMENTS | C36: 0.029 | D36: 0.029 | E36: 0.029 | F36: 0.029 | G36: 0.029 | H36: 0.029 | I36: 0.029 | J36: 0.029 | K36: 0.029 | L36: 0.029 | M36: 0.029 | N36: 0.029 | O36: =N36 -> 0.029 | P36: =O36 -> 0.029 | Q36: =P36 -> 0.029 | R36: =Q36 -> 0.029 | S36: =R36 -> 0.029 | T36: =S36 -> 0.029 | U36: =T36 -> 0.029 | V36: =U36 -> 0.029 | ... Z36: =Y36 -> 0.029
B37: =B4 -> CONVOYEURS | C37: 0.001 | D37: 0.001 | E37: 0.001 | F37: 0.001 | G37: 0.001 | H37: 0.001 | I37: 0.001 | J37: 0.001 | K37: 0.001 | L37: 0.001 | M37: 0.001 | N37: 0.001 | O37: =N37 -> 0.001 | P37: =O37 -> 0.001 | Q37: =P37 -> 0.001 | R37: =Q37 -> 0.001 | S37: =R37 -> 0.001 | T37: =S37 -> 0.001 | U37: =T37 -> 0.001 | V37: =U37 -> 0.001 | ... Z37: =Y37 -> 0.001
B38: =B5 -> OUTILS | C38: 0.013 | D38: 0.013 | E38: 0.013 | F38: 0.013 | G38: 0.013 | H38: 0.013 | I38: 0.013 | J38: 0.013 | K38: 0.013 | L38: 0.013 | M38: 0.013 | N38: 0.013 | O38: =N38 -> 0.013 | P38: =O38 -> 0.013 | Q38: =P38 -> 0.013 | R38: =Q38 -> 0.013 | S38: =R38 -> 0.013 | T38: =S38 -> 0.013 | U38: =T38 -> 0.013 | V38: =U38 -> 0.013 | ... Z38: =Y38 -> 0.013
B39: =B6 -> ESSUYAGE OUTIL | C39: 0.004 | D39: 0.004 | E39: 0.004 | F39: 0.004 | G39: 0.004 | H39: 0.004 | I39: 0.004 | J39: 0.004 | K39: 0.004 | L39: 0.004 | M39: 0.004 | N39: 0.004 | O39: =N39 -> 0.004 | P39: =O39 -> 0.004 | Q39: =P39 -> 0.004 | R39: =Q39 -> 0.004 | S39: =R39 -> 0.004 | T39: =S39 -> 0.004 | U39: =T39 -> 0.004 | V39: =U39 -> 0.004 | ... Z39: =Y39 -> 0.004
B40: =B7 -> MECANISATIONS | C40: 0.0208 | D40: 0.0208 | E40: 0.0208 | F40: 0.0208 | G40: 0.0208 | H40: 0.0208 | I40: 0.0208 | J40: 0.0208 | K40: 0.0208 | L40: 0.0208 | M40: 0.0208 | N40: 0.0208 | O40: =N40 -> 0.0208 | P40: =O40 -> 0.0208 | Q40: =P40 -> 0.0208 | R40: =Q40 -> 0.0208 | S40: =R40 -> 0.0208 | T40: =S40 -> 0.0208 | U40: =T40 -> 0.0208 | V40: =U40 -> 0.0208 | ... Z40: =Y40 -> 0.0208
B41: =B8 -> MATIERE | C41: 0.004 | D41: 0.004 | E41: 0.004 | F41: 0.004 | G41: 0.004 | H41: 0.004 | I41: 0.004 | J41: 0.004 | K41: 0.004 | L41: 0.004 | M41: 0.004 | N41: 0.004 | O41: =N41 -> 0.004 | P41: =O41 -> 0.004 | Q41: =P41 -> 0.004 | R41: =Q41 -> 0.004 | S41: =R41 -> 0.004 | T41: =S41 -> 0.004 | U41: =T41 -> 0.004 | V41: =U41 -> 0.004 | ... Z41: =Y41 -> 0.004
B42: =B9 -> ATTENTE AMONT | C42: 0.003 | D42: 0.003 | E42: 0.003 | F42: 0.003 | G42: 0.003 | H42: 0.003 | I42: 0.003 | J42: 0.003 | K42: 0.003 | L42: 0.003 | M42: 0.003 | N42: 0.003 | O42: =N42 -> 0.003 | P42: =O42 -> 0.003 | Q42: =P42 -> 0.003 | R42: =Q42 -> 0.003 | S42: =R42 -> 0.003 | T42: =S42 -> 0.003 | U42: =T42 -> 0.003 | V42: =U42 -> 0.003 | ... Z42: =Y42 -> 0.003
B43: =B10 -> SATURATION | C43: 0.001 | D43: 0.001 | E43: 0.001 | F43: 0.001 | G43: 0.001 | H43: 0.001 | I43: 0.001 | J43: 0.001 | K43: 0.001 | L43: 0.001 | M43: 0.001 | N43: 0.001 | O43: =N43 -> 0.001 | P43: =O43 -> 0.001 | Q43: =P43 -> 0.001 | R43: =Q43 -> 0.001 | S43: =R43 -> 0.001 | T43: =S43 -> 0.001 | U43: =T43 -> 0.001 | V43: =U43 -> 0.001 | ... Z43: =Y43 -> 0.001
B44: =B11 -> PREPARATION CONVOI | C44: 0.001 | D44: 0.001 | E44: 0.001 | F44: 0.001 | G44: 0.001 | H44: 0.001 | I44: 0.001 | J44: 0.001 | K44: 0.001 | L44: 0.001 | M44: 0.001 | N44: 0.001 | O44: =N44 -> 0.001 | P44: =O44 -> 0.001 | Q44: =P44 -> 0.001 | R44: =Q44 -> 0.001 | S44: =R44 -> 0.001 | T44: =S44 -> 0.001 | U44: =T44 -> 0.001 | V44: =U44 -> 0.001 | ... Z44: =Y44 -> 0.001
B45: =B12 -> OPERATEURS | C45: 0.001 | D45: 0.001 | E45: 0.001 | F45: 0.001 | G45: 0.001 | H45: 0.001 | I45: 0.001 | J45: 0.001 | K45: 0.001 | L45: 0.001 | M45: 0.001 | N45: 0.001 | O45: =N45 -> 0.001 | P45: =O45 -> 0.001 | Q45: =P45 -> 0.001 | R45: =Q45 -> 0.001 | S45: =R45 -> 0.001 | T45: =S45 -> 0.001 | U45: =T45 -> 0.001 | V45: =U45 -> 0.001 | ... Z45: =Y45 -> 0.001
B46: =B13 -> NON RENSEIGNEE | C46: 0.005 | D46: 0.005 | E46: 0.005 | F46: 0.005 | G46: 0.005 | H46: 0.005 | I46: 0.005 | J46: 0.005 | K46: 0.005 | L46: 0.005 | M46: 0.005 | N46: 0.005 | O46: =N46 -> 0.005 | P46: =O46 -> 0.005 | Q46: =P46 -> 0.005 | R46: =Q46 -> 0.005 | S46: =R46 -> 0.005 | T46: =S46 -> 0.005 | U46: =T46 -> 0.005 | V46: =U46 -> 0.005 | ... Z46: =Y46 -> 0.005
... B57: =B24 -> PERTES CYCLE | C57: 0.03 | D57: 0.03 | E57: 0.03 | F57: 0.03 | G57: 0.03 | H57: 0.03 | I57: 0.03 | J57: 0.03 | K57: 0.03 | L57: 0.03 | M57: 0.03 | N57: 0.03 | O57: =N57 -> 0.03 | P57: =O57 -> 0.03 | Q57: =P57 -> 0.03 | R57: =Q57 -> 0.03 | S57: =R57 -> 0.03 | T57: =S57 -> 0.03 | U57: =T57 -> 0.03 | V57: =U57 -> 0.03 | ... Z57: =Y57 -> 0.03
B58: NON RO GLOBAL | C58: 0.17001137 | D58: 0.17001137 | E58: 0.17001137 | F58: 0.17001137 | G58: 0.17001137 | H58: 0.17001137 | I58: 0.17001137 | J58: 0.17001137 | K58: 0.17001137 | L58: 0.17001137 | M58: 0.17001137 | N58: 0.17001137 | O58: =SUM(O35:O57) -> 0.2117 | P58: =SUM(P35:P57) -> 0.2117 | Q58: =SUM(Q35:Q57) -> 0.2117 | R58: =SUM(R35:R57) -> 0.2117 | S58: =SUM(S35:S57) -> 0.2117 | T58: =SUM(T35:T57) -> 0.2117 | U58: =SUM(U35:U57) -> 0.2117 | V58: =SUM(V35:V57) -> 0.2117 | ... Z58: =SUM(Z35:Z57) -> 0.2117
B59: =B26 -> ARRETS MACHINES | C59: 0.05 | D59: 0.05 | E59: 0.05 | F59: 0.05 | G59: 0.05 | H59: 0.05 | I59: 0.05 | J59: 0.05 | K59: 0.05 | L59: 0.05 | M59: 0.05 | N59: 0.05 | O59: =SUM(O35:O37) -> 0.063 | P59: =SUM(P35:P37) -> 0.063 | Q59: =SUM(Q35:Q37) -> 0.063 | R59: =SUM(R35:R37) -> 0.063 | S59: =SUM(S35:S37) -> 0.063 | T59: =SUM(T35:T37) -> 0.063 | U59: =SUM(U35:U37) -> 0.063 | V59: =SUM(V35:V37) -> 0.063 | ... Z59: =SUM(Z35:Z37) -> 0.063
B60: =B27 -> ARRETS OUTILS | C60: 0.0389 | D60: 0.0389 | E60: 0.0389 | F60: 0.0389 | G60: 0.0389 | H60: 0.0389 | I60: 0.0389 | J60: 0.0389 | K60: 0.0389 | L60: 0.0389 | M60: 0.0389 | N60: 0.0389 | O60: =SUM(O38:O40) -> 0.0378 | P60: =SUM(P38:P40) -> 0.0378 | Q60: =SUM(Q38:Q40) -> 0.0378 | R60: =SUM(R38:R40) -> 0.0378 | S60: =SUM(S38:S40) -> 0.0378 | T60: =SUM(T38:T40) -> 0.0378 | U60: =SUM(U38:U40) -> 0.0378 | V60: =SUM(V38:V40) -> 0.0378 | ... Z60: =SUM(Z38:Z40) -> 0.0378
B61: =B28 -> ARRETS INDUITS | C61: 0.0167 | D61: 0.0167 | E61: 0.0167 | F61: 0.0167 | G61: 0.0167 | H61: 0.0167 | I61: 0.0167 | J61: 0.0167 | K61: 0.0167 | L61: 0.0167 | M61: 0.0167 | N61: 0.0167 | O61: =SUM(O41:O46) -> 0.015 | P61: =SUM(P41:P46) -> 0.015 | Q61: =SUM(Q41:Q46) -> 0.015 | R61: =SUM(R41:R46) -> 0.015 | S61: =SUM(S41:S46) -> 0.015 | T61: =SUM(T41:T46) -> 0.015 | U61: =SUM(U41:U46) -> 0.015 | V61: =SUM(V41:V46) -> 0.015 | ... Z61: =SUM(Z41:Z46) -> 0.015
B62: =B29 -> ARRETS FONCTIONNELS | C62: 0.045911372 | D62: 0.045911372 | E62: 0.045911372 | F62: 0.045911372 | G62: 0.045911372 | H62: 0.045911372 | I62: 0.045911372 | J62: 0.045911372 | K62: 0.045911372 | L62: 0.045911372 | M62: 0.045911372 | N62: 0.045911372 | O62: =SUM(O47:O54) -> 0.0609 | P62: =SUM(P47:P54) -> 0.0609 | Q62: =SUM(Q47:Q54) -> 0.0609 | R62: =SUM(R47:R54) -> 0.0609 | S62: =SUM(S47:S54) -> 0.0609 | T62: =SUM(T47:T54) -> 0.0609 | U62: =SUM(U47:U54) -> 0.0609 | V62: =SUM(V47:V54) -> 0.0609 | ... Z62: =SUM(Z47:Z54) -> 0.0609
B63: =B30 -> PERTES QUALITE | C63: 0 | D63: 0 | E63: 0 | F63: 0 | G63: 0 | H63: 0 | I63: 0 | J63: 0 | K63: 0 | L63: 0 | M63: 0 | N63: 0 | O63: =SUM(O55:O56) -> 0.005 | P63: =SUM(P55:P56) -> 0.005 | Q63: =SUM(Q55:Q56) -> 0.005 | R63: =SUM(R55:R56) -> 0.005 | S63: =SUM(S55:S56) -> 0.005 | T63: =SUM(T55:T56) -> 0.005 | U63: =SUM(U55:U56) -> 0.005 | V63: =SUM(V55:V56) -> 0.005 | ... Z63: =SUM(Z55:Z56) -> 0.005
B64: =B31 -> PERTES CYCLE | C64: 0.0185 | D64: 0.0185 | E64: 0.0185 | F64: 0.0185 | G64: 0.0185 | H64: 0.0185 | I64: 0.0185 | J64: 0.0185 | K64: 0.0185 | L64: 0.0185 | M64: 0.0185 | N64: 0.0185 | O64: =O57 -> 0.03 | P64: =P57 -> 0.03 | Q64: =Q57 -> 0.03 | R64: =R57 -> 0.03 | S64: =S57 -> 0.03 | T64: =T57 -> 0.03 | U64: =U57 -> 0.03 | V64: =V57 -> 0.03 | ... Z64: =Z57 -> 0.03
B65: RO GLOBAL | C65: 0.82998863 | D65: 0.82998863 | E65: 0.82998863 | F65: 0.82998863 | G65: 0.82998863 | H65: 0.82998863 | I65: 0.82998863 | J65: 0.82998863 | K65: 0.82998863 | L65: 0.82998863 | M65: 0.82998863 | N65: 0.82998863 | O65: =100%-O58 -> 0.7883 | P65: =100%-P58 -> 0.7883 | Q65: =100%-Q58 -> 0.7883 | R65: =100%-R58 -> 0.7883 | S65: =100%-S58 -> 0.7883 | T65: =100%-T58 -> 0.7883 | U65: =100%-U58 -> 0.7883 | V65: =100%-V58 -> 0.7883 | ... Z65: =100%-Z58 -> 0.7883
A67: D601 | B67: ="Non RO - "&VLOOKUP(A67,'Paramétrage'!$E$6:$F$16,2,FALSE) -> Non RO - T601 | C67: =C1 -> 45292 | D67: =D1 -> 45323 | E67: =E1 -> 45352 | F67: =F1 -> 45383 | G67: =G1 -> 45413 | H67: =H1 -> 45444 | I67: =I1 -> 45474 | J67: =J1 -> 45505 | ... Z67: =Z1 -> 45992
B68: =B35 -> PRESSES | C68: 0.01 | D68: 0.01 | E68: 0.01 | F68: 0.01 | G68: 0.01 | H68: 0.01 | I68: 0.01 | J68: 0.01 | K68: 0.01 | L68: 0.01 | M68: 0.01 | N68: 0.01 | O68: =N68 -> 0.01 | P68: =O68 -> 0.01 | Q68: =P68 -> 0.01 | R68: =Q68 -> 0.01 | S68: =R68 -> 0.01 | T68: =S68 -> 0.01 | U68: =T68 -> 0.01 | V68: =U68 -> 0.01 | ... Z68: =Y68 -> 0.01
B69: =B36 -> EQUIPEMENTS | C69: 0.025 | D69: 0.025 | E69: 0.025 | F69: 0.025 | G69: 0.025 | H69: 0.025 | I69: 0.025 | J69: 0.025 | K69: 0.025 | L69: 0.025 | M69: 0.025 | N69: 0.025 | O69: =N69 -> 0.025 | P69: =O69 -> 0.025 | Q69: =P69 -> 0.025 | R69: =Q69 -> 0.025 | S69: =R69 -> 0.025 | T69: =S69 -> 0.025 | U69: =T69 -> 0.025 | V69: =U69 -> 0.025 | ... Z69: =Y69 -> 0.025
B70: =B37 -> CONVOYEURS | C70: 0.003 | D70: 0.003 | E70: 0.003 | F70: 0.003 | G70: 0.003 | H70: 0.003 | I70: 0.003 | J70: 0.003 | K70: 0.003 | L70: 0.003 | M70: 0.003 | N70: 0.003 | O70: =N70 -> 0.003 | P70: =O70 -> 0.003 | Q70: =P70 -> 0.003 | R70: =Q70 -> 0.003 | S70: =R70 -> 0.003 | T70: =S70 -> 0.003 | U70: =T70 -> 0.003 | V70: =U70 -> 0.003 | ... Z70: =Y70 -> 0.003
B71: =B38 -> OUTILS | C71: 0.003 | D71: 0.003 | E71: 0.003 | F71: 0.003 | G71: 0.003 | H71: 0.003 | I71: 0.003 | J71: 0.003 | K71: 0.003 | L71: 0.003 | M71: 0.003 | N71: 0.003 | O71: =N71 -> 0.003 | P71: =O71 -> 0.003 | Q71: =P71 -> 0.003 | R71: =Q71 -> 0.003 | S71: =R71 -> 0.003 | T71: =S71 -> 0.003 | U71: =T71 -> 0.003 | V71: =U71 -> 0.003 | ... Z71: =Y71 -> 0.003
B72: =B39 -> ESSUYAGE OUTIL | C72: 0 | D72: 0 | E72: 0 | F72: 0 | G72: 0 | H72: 0 | I72: 0 | J72: 0 | K72: 0 | L72: 0 | M72: 0 | N72: 0 | O72: =N72 -> 0 | P72: =O72 -> 0 | Q72: =P72 -> 0 | R72: =Q72 -> 0 | S72: =R72 -> 0 | T72: =S72 -> 0 | U72: =T72 -> 0 | V72: =U72 -> 0 | ... Z72: =Y72 -> 0
B73: =B40 -> MECANISATIONS | C73: 0 | D73: 0 | E73: 0 | F73: 0 | G73: 0 | H73: 0 | I73: 0 | J73: 0 | K73: 0 | L73: 0 | M73: 0 | N73: 0 | O73: =N73 -> 0 | P73: =O73 -> 0 | Q73: =P73 -> 0 | R73: =Q73 -> 0 | S73: =R73 -> 0 | T73: =S73 -> 0 | U73: =T73 -> 0 | V73: =U73 -> 0 | ... Z73: =Y73 -> 0
B74: =B41 -> MATIERE | C74: 0.02 | D74: 0.02 | E74: 0.02 | F74: 0.02 | G74: 0.02 | H74: 0.02 | I74: 0.02 | J74: 0.02 | K74: 0.02 | L74: 0.02 | M74: 0.02 | N74: 0.02 | O74: =N74 -> 0.02 | P74: =O74 -> 0.02 | Q74: =P74 -> 0.02 | R74: =Q74 -> 0.02 | S74: =R74 -> 0.02 | T74: =S74 -> 0.02 | U74: =T74 -> 0.02 | V74: =U74 -> 0.02 | ... Z74: =Y74 -> 0.02
B75: =B42 -> ATTENTE AMONT | C75: 0 | D75: 0 | E75: 0 | F75: 0 | G75: 0 | H75: 0 | I75: 0 | J75: 0 | K75: 0 | L75: 0 | M75: 0 | N75: 0 | O75: =N75 -> 0 | P75: =O75 -> 0 | Q75: =P75 -> 0 | R75: =Q75 -> 0 | S75: =R75 -> 0 | T75: =S75 -> 0 | U75: =T75 -> 0 | V75: =U75 -> 0 | ... Z75: =Y75 -> 0
B76: =B43 -> SATURATION | C76: 0 | D76: 0 | E76: 0 | F76: 0 | G76: 0 | H76: 0 | I76: 0 | J76: 0 | K76: 0 | L76: 0 | M76: 0 | N76: 0 | O76: =N76 -> 0 | P76: =O76 -> 0 | Q76: =P76 -> 0 | R76: =Q76 -> 0 | S76: =R76 -> 0 | T76: =S76 -> 0 | U76: =T76 -> 0 | V76: =U76 -> 0 | ... Z76: =Y76 -> 0
B77: =B44 -> PREPARATION CONVOI | C77: 0 | D77: 0 | E77: 0 | F77: 0 | G77: 0 | H77: 0 | I77: 0 | J77: 0 | K77: 0 | L77: 0 | M77: 0 | N77: 0 | O77: =N77 -> 0 | P77: =O77 -> 0 | Q77: =P77 -> 0 | R77: =Q77 -> 0 | S77: =R77 -> 0 | T77: =S77 -> 0 | U77: =T77 -> 0 | V77: =U77 -> 0 | ... Z77: =Y77 -> 0
B78: =B45 -> OPERATEURS | C78: 0.001 | D78: 0.001 | E78: 0.001 | F78: 0.001 | G78: 0.001 | H78: 0.001 | I78: 0.001 | J78: 0.001 | K78: 0.001 | L78: 0.001 | M78: 0.001 | N78: 0.001 | O78: =N78 -> 0.001 | P78: =O78 -> 0.001 | Q78: =P78 -> 0.001 | R78: =Q78 -> 0.001 | S78: =R78 -> 0.001 | T78: =S78 -> 0.001 | U78: =T78 -> 0.001 | V78: =U78 -> 0.001 | ... Z78: =Y78 -> 0.001
B79: =B46 -> NON RENSEIGNEE | C79: 0.001 | D79: 0.001 | E79: 0.001 | F79: 0.001 | G79: 0.001 | H79: 0.001 | I79: 0.001 | J79: 0.001 | K79: 0.001 | L79: 0.001 | M79: 0.001 | N79: 0.001 | O79: =N79 -> 0.001 | P79: =O79 -> 0.001 | Q79: =P79 -> 0.001 | R79: =Q79 -> 0.001 | S79: =R79 -> 0.001 | T79: =S79 -> 0.001 | U79: =T79 -> 0.001 | V79: =U79 -> 0.001 | ... Z79: =Y79 -> 0.001
... B90: =B57 -> PERTES CYCLE | C90: 0.021 | D90: 0.021 | E90: 0.021 | F90: 0.021 | G90: 0.021 | H90: 0.021 | I90: 0.021 | J90: 0.021 | K90: 0.021 | L90: 0.021 | M90: 0.021 | N90: 0.021 | O90: =N90 -> 0.021 | P90: =O90 -> 0.021 | Q90: =P90 -> 0.021 | R90: =Q90 -> 0.021 | S90: =R90 -> 0.021 | T90: =S90 -> 0.021 | U90: =T90 -> 0.021 | V90: =U90 -> 0.021 | ... Z90: =Y90 -> 0.021
B91: NON RO GLOBAL | C91: =SUM(C68:C90) -> 0.25 | D91: =SUM(D68:D90) -> 0.25 | E91: =SUM(E68:E90) -> 0.25 | F91: =SUM(F68:F90) -> 0.25 | G91: =SUM(G68:G90) -> 0.25 | H91: =SUM(H68:H90) -> 0.25 | I91: =SUM(I68:I90) -> 0.25 | J91: =SUM(J68:J90) -> 0.25 | ... Z91: =SUM(Z68:Z90) -> 0.25
B92: =B59 -> ARRETS MACHINES | C92: =SUM(C68:C70) -> 0.038 | D92: =SUM(D68:D70) -> 0.038 | E92: =SUM(E68:E70) -> 0.038 | F92: =SUM(F68:F70) -> 0.038 | G92: =SUM(G68:G70) -> 0.038 | H92: =SUM(H68:H70) -> 0.038 | I92: =SUM(I68:I70) -> 0.038 | J92: =SUM(J68:J70) -> 0.038 | ... Z92: =SUM(Z68:Z70) -> 0.038
B93: =B60 -> ARRETS OUTILS | C93: =SUM(C71:C73) -> 0.003 | D93: =SUM(D71:D73) -> 0.003 | E93: =SUM(E71:E73) -> 0.003 | F93: =SUM(F71:F73) -> 0.003 | G93: =SUM(G71:G73) -> 0.003 | H93: =SUM(H71:H73) -> 0.003 | I93: =SUM(I71:I73) -> 0.003 | J93: =SUM(J71:J73) -> 0.003 | ... Z93: =SUM(Z71:Z73) -> 0.003
B94: =B61 -> ARRETS INDUITS | C94: =SUM(C74:C79) -> 0.022 | D94: =SUM(D74:D79) -> 0.022 | E94: =SUM(E74:E79) -> 0.022 | F94: =SUM(F74:F79) -> 0.022 | G94: =SUM(G74:G79) -> 0.022 | H94: =SUM(H74:H79) -> 0.022 | I94: =SUM(I74:I79) -> 0.022 | J94: =SUM(J74:J79) -> 0.022 | ... Z94: =SUM(Z74:Z79) -> 0.022
B95: =B62 -> ARRETS FONCTIONNELS | C95: =SUM(C80:C87) -> 0.166 | D95: =SUM(D80:D87) -> 0.166 | E95: =SUM(E80:E87) -> 0.166 | F95: =SUM(F80:F87) -> 0.166 | G95: =SUM(G80:G87) -> 0.166 | H95: =SUM(H80:H87) -> 0.166 | I95: =SUM(I80:I87) -> 0.166 | J95: =SUM(J80:J87) -> 0.166 | ... Z95: =SUM(Z80:Z87) -> 0.166
B96: =B63 -> PERTES QUALITE | C96: =SUM(C88:C89) -> 0 | D96: =SUM(D88:D89) -> 0 | E96: =SUM(E88:E89) -> 0 | F96: =SUM(F88:F89) -> 0 | G96: =SUM(G88:G89) -> 0 | H96: =SUM(H88:H89) -> 0 | I96: =SUM(I88:I89) -> 0 | J96: =SUM(J88:J89) -> 0 | ... Z96: =SUM(Z88:Z89) -> 0
B97: =B64 -> PERTES CYCLE | C97: =C90 -> 0.021 | D97: =D90 -> 0.021 | E97: =E90 -> 0.021 | F97: =F90 -> 0.021 | G97: =G90 -> 0.021 | H97: =H90 -> 0.021 | I97: =I90 -> 0.021 | J97: =J90 -> 0.021 | ... Z97: =Z90 -> 0.021
B98: RO GLOBAL | C98: =100%-C91 -> 0.75 | D98: =100%-D91 -> 0.75 | E98: =100%-E91 -> 0.75 | F98: =100%-F91 -> 0.75 | G98: =100%-G91 -> 0.75 | H98: =100%-H91 -> 0.75 | I98: =100%-I91 -> 0.75 | J98: =100%-J91 -> 0.75 | ... Z98: =100%-Z91 -> 0.75

Sheet Paramétrage
A1: Par défaut le fichier prend la date du jour en cours en référence. Si vous souhaitez changer la date, remplir la case jaune : | G1: 44203
A4: Onglet de paramétrage général | B4: Les valeurs en bleu sont à remplir par les usines, le reste est fait en automatique
E5: Onglet * | F5: Nom usuel | G5: Position objectif | J5: RO
A6: Lieu archivage export SAPIA | B6: http://docinfogroupe.inetpsa.com/ead/doc/ref._PSA13_5154/v.vc/[pj] | D6: Ligne 1 | E6: R001 | F6: LIGNE 1 | G6: =INT(MATCH(E6,Objectifs!A:A,0)/$G$28)+1 -> 1 | I6: FAMILLES DE PERTES | J6: PRESSES | K6: x
A7: Nom du document | D7: Ligne 2 | E7: R825 | F7: TDM 825 | G7: =INT(MATCH(E7,Objectifs!A:A,0)/$G$28)+1 -> #N/A | J7: EQUIPEMENTS | K7: x
A8: Date virtuelle pour Excel : | B8: =IF('Paramétrage'!G1="",TODAY(),G1) -> 44203 | D8: Ligne 3 | E8: R801 | F8: PTD | G8: =INT(MATCH(E8,Objectifs!A:A,0)/$G$28)+1 -> #N/A | J8: CONVOYEURS | K8: x
A9: Centre | B9: DI/DCPS | D9: Ligne 4 | E9: R802 | F9: L802 | G9: =INT(MATCH(E9,Objectifs!A:A,0)/$G$28)+1 -> #N/A | J9: OUTILS | K9: x
A10: Reponsable des documents | B10: T. RANCON | D10: Ligne 5 | E10: D601 | F10: T601 | G10: =INT(MATCH(E10,Objectifs!A:A,0)/$G$28)+1 -> 3 | J10: ESSUYAGE OUTIL | K10: x
A11: Responsable Mise à jour | B11: F. PETREQUIN | D11: Ligne 6 | E11: R803 | F11: L803 | G11: =INT(MATCH(E11,Objectifs!A:A,0)/$G$28)+1 -> 2 | J11: MECANISATIONS | K11: x
A12: Concaténation | B12: =B6&B7 -> http://docinfogroupe.inetpsa.com/ead/doc/ref._PSA13_5154/v.vc/[pj] | D12: Ligne 7 | G12: =INT(MATCH(E12,Objectifs!A:A,0)/$G$28)+1 -> #N/A | J12: MATIERE | K12: x
A13: Bilan réalisé avec | B13: Vision gammes série uniquement | D13: Ligne 8 | G13: =INT(MATCH(E13,Objectifs!A:A,0)/$G$28)+1 -> #N/A | J13: ATTENTE AMONT
D14: Ligne 9 | G14: =INT(MATCH(E14,Objectifs!A:A,0)/$G$28)+1 -> #N/A | J14: SATURATION
D15: Ligne 10 | G15: =INT(MATCH(E15,Objectifs!A:A,0)/$G$28)+1 -> #N/A | J15: PREPARATION CONVOI | K15: x
A16: R806 | D16: Ligne 11 | G16: =INT(MATCH(E16,Objectifs!A:A,0)/$G$28)+1 -> #N/A | J16: OPERATEURS | K16: x
D17: Ligne 12 | G17: =INT(MATCH(E17,Objectifs!A:A,0)/$G$28)+1 -> #N/A | J17: NON RENSEIGNEE | K17: x
D18: Ligne 13 | G18: =INT(MATCH(E18,Objectifs!A:A,0)/$G$28)+1 -> #N/A | J18: MONTAGE CONVOI | K18: x
D19: Ligne 14 | G19: =INT(MATCH(E19,Objectifs!A:A,0)/$G$28)+1 -> #N/A | J19: REMPLISSAGE
D20: Ligne 15 | G20: =INT(MATCH(E20,Objectifs!A:A,0)/$G$28)+1 -> #N/A | J20: PRE-ACCEPTATION | K20: x
D21: * ce nom doit être celui de l'onglet de l'export excel SAPIA | J21: CHANGEMENT D'INDEX
J22: MISE EN OPERATION | K22: x
C23: Correspondance Maturité Gamme | J23: CHANGEMENT DE BOBINE | K23: x
C24: * | D24: Vision toutes gammes | J24: CHANGEMENT DE BAC | K24: x
C25: =TEXT(0,0) -> 0 | D25: Vision gammes en lancement uniquement | J25: CHANGEMENT DE PALETTE | K25: x
C26: =TEXT(1,0) -> 1 | D26: Vision gammes nouvelles sur site | J26: REBUTS
C27: =TEXT(2,0) -> 2 | D27: Vision gammes série uniquement | J27: RETOUCHES
G28: =MATCH("PRESSES",Objectifs!B10:B405,0)-MATCH("PRESSES",Objectifs!B:B,0)+9 -> 33 | J28: PERTES CYCLE
C29: Nb lignes d'écart entre 2 tableaux d'obj. | G29: =MATCH("PRESSES",Objectifs!B1:B396,0) -> 2 | I29: TYPE DE PERTES | J29: ARRETS MACHINES
G30: =-MATCH("PRESSES",Objectifs!B:B,0) -> -2 | J30: ARRETS OUTILS
J31: ARRETS INDUITS
J32: ARRETS FONCTIONNELS
J33: PERTES QUALITE
J34: PERTES CYCLE
